vizsgálat;esemény1;n1;esemény2;n2;szélesség;év;allokáció
Aronson 1948;4;123;11;139;44;1948;random
Ferguson & Simes 1949;6;306;29;303;55;1949;random
Rosenthal et al 1960;3;231;11;220;42;1960;random
Hart & Sutherland 1977;62;13598;248;12867;52;1977;random
Frimodt-Moller et al 1973;33;5069;47;5808;13;1973;alternate
Stein & Aronson 1953;180;1541;372;1451;44;1953;alternate
Vandiviere et al 1973;8;2545;10;629;19;1973;random
TPT Madras 1980;505;88391;499;88391;13;1980;random
Coetzee & Berjak 1968;29;7499;45;7277;27;1968;random
Rosenthal et al 1961;17;1716;65;1665;42;1961;systematic
Comstock et al 1974;186;50634;141;27338;18;1974;systematic
Comstock & Webster 1969;5;2498;3;2341;33;1969;systematic
Comstock et al 1976;27;16913;29;17854;33;1976;systematic
