study,r,n
"Axelsson et al. 2009",0.187,109
"Axelsson et al. 2011",0.162,749
"Bruce et al. 2010",0.34,55
"Christensen et al. 1999",0.32,107
"Christensen & Smith 1995",0.27,72
"Cohen et al. 2004",0,65
"Dobbels et al. 2005",0.175,174
"Ediger et al. 2007",0.05,326
"Insel et al. 2006",0.26,58
"Jerant et al. 2011",0.01,771
"Moran et al. 1997",-0.09,56
"O'Cleirigh et al. 2007",0.37,91
"Penedo et al. 2003",0,116
"Quine et al. 2012",0.15,537
"Stilley et al. 2004",0.24,158
"Wiebe & Christensen 1997",0.04,65
